{"cameraMode":{"drawMode":0,"name":"Shaded","section":"Shading Mode"},"sceneLighting":false,"audioPlay":false,"sceneViewState":{"showFog":true,"showMaterialUpdate":false,"showSkybox":true,"showFlares":true,"showImageEffects":true,"showParticleSystems":true},"in2DMode":false,"pivot":{"x":0.07228493690490723,"y":-0.5876662731170654,"z":0.013519644737243653},"rotation":{"x":0.09668539464473725,"y":-0.8463048338890076,"z":0.1645251214504242,"w":0.4973445236682892},"size":3.6000568866729738,"orthographic":false}