{"cameraMode":{"drawMode":0,"name":"Shaded","section":"Shading Mode"},"sceneLighting":false,"audioPlay":false,"sceneViewState":{"showFog":true,"showMaterialUpdate":false,"showSkybox":true,"showFlares":true,"showImageEffects":true,"showParticleSystems":true},"in2DMode":false,"pivot":{"x":-0.00014153704978525639,"y":-0.00337401544675231,"z":0.006965974345803261},"rotation":{"x":-0.04103360325098038,"y":0.9583500623703003,"z":-0.21663114428520204,"w":-0.18152768909931184},"size":0.0412607304751873,"orthographic":false}