{"cameraMode":{"drawMode":0,"name":"Shaded","section":"Shading Mode"},"sceneLighting":false,"audioPlay":false,"sceneViewState":{"showFog":true,"showMaterialUpdate":false,"showSkybox":true,"showFlares":true,"showImageEffects":true,"showParticleSystems":true},"in2DMode":false,"pivot":{"x":-0.15390563011169434,"y":0.8867547512054443,"z":0.7373977899551392},"rotation":{"x":0.00709590595215559,"y":-0.9313163161277771,"z":0.018169768154621125,"w":0.36368876695632937},"size":2.3220577239990236,"orthographic":false}