{"cameraMode":{"drawMode":0,"name":"Shaded","section":"Shading Mode"},"sceneLighting":false,"audioPlay":false,"sceneViewState":{"showFog":true,"showMaterialUpdate":false,"showSkybox":true,"showFlares":true,"showImageEffects":true,"showParticleSystems":true},"in2DMode":false,"pivot":{"x":-0.3806583285331726,"y":0.18282827734947205,"z":0.24140167236328126},"rotation":{"x":0.06701056659221649,"y":-0.9329316020011902,"z":0.24469424784183503,"w":0.2554859220981598},"size":2.08182430267334,"orthographic":false}