{"cameraMode":{"drawMode":0,"name":"Shaded","section":"Shading Mode"},"sceneLighting":false,"audioPlay":false,"sceneViewState":{"showFog":true,"showMaterialUpdate":false,"showSkybox":true,"showFlares":true,"showImageEffects":true,"showParticleSystems":true},"in2DMode":false,"pivot":{"x":-0.014307975769042969,"y":-0.0000705718994140625,"z":0.2747967541217804},"rotation":{"x":0.1685592383146286,"y":0.2569386065006256,"z":-0.04556377977132797,"w":0.9505231976509094},"size":1.0809825658798218,"orthographic":false}