{"cameraMode":{"drawMode":0,"name":"Shaded","section":"Shading Mode"},"sceneLighting":true,"audioPlay":false,"sceneViewState":{"showFog":true,"showMaterialUpdate":false,"showSkybox":true,"showFlares":true,"showImageEffects":true,"showParticleSystems":true},"in2DMode":false,"pivot":{"x":-31.288389205932618,"y":51.12480545043945,"z":-27.931617736816408},"rotation":{"x":0.2645900547504425,"y":-0.7210306525230408,"z":0.3603881299495697,"w":0.5293651223182678},"size":11.543728828430176,"orthographic":false}