{"cameraMode":{"drawMode":0,"name":"Shaded","section":"Shading Mode"},"sceneLighting":true,"audioPlay":false,"sceneViewState":{"showFog":true,"showMaterialUpdate":false,"showSkybox":true,"showFlares":true,"showImageEffects":true,"showParticleSystems":true},"in2DMode":false,"pivot":{"x":-32.23870849609375,"y":51.01139831542969,"z":-27.99008560180664},"rotation":{"x":0.17659607529640199,"y":0.2918345332145691,"z":-0.05491876229643822,"w":0.9384191036224365},"size":134.89678955078126,"orthographic":false}