{"cameraMode":{"drawMode":0,"name":"Shaded","section":"Shading Mode"},"sceneLighting":false,"audioPlay":false,"sceneViewState":{"showFog":true,"showMaterialUpdate":false,"showSkybox":true,"showFlares":true,"showImageEffects":true,"showParticleSystems":true},"in2DMode":false,"pivot":{"x":0.0,"y":0.9195653200149536,"z":0.16133713722229005},"rotation":{"x":-0.01671835035085678,"y":0.536237359046936,"z":-0.01062403991818428,"w":-0.8438348174095154},"size":4.494190216064453,"orthographic":false}