{"cameraMode":{"drawMode":0,"name":"Shaded","section":"Shading Mode"},"sceneLighting":false,"audioPlay":false,"sceneViewState":{"showFog":true,"showMaterialUpdate":false,"showSkybox":true,"showFlares":true,"showImageEffects":true,"showParticleSystems":true},"in2DMode":false,"pivot":{"x":0.002248893491923809,"y":0.01436711847782135,"z":0.004237257409840822},"rotation":{"x":0.20443707704544068,"y":0.15345454216003419,"z":-0.032468851655721667,"w":0.9662313461303711},"size":0.04110611230134964,"orthographic":false}