{"cameraMode":{"drawMode":0,"name":"Shaded","section":"Shading Mode"},"sceneLighting":true,"audioPlay":false,"sceneViewState":{"showFog":true,"showMaterialUpdate":false,"showSkybox":true,"showFlares":true,"showImageEffects":true,"showParticleSystems":true},"in2DMode":false,"pivot":{"x":32.82293701171875,"y":56.2454719543457,"z":-25.87984848022461},"rotation":{"x":0.15806074440479279,"y":0.8140550851821899,"z":-0.4946335554122925,"w":0.2601323127746582},"size":36.63491439819336,"orthographic":false}