{"cameraMode":{"drawMode":0,"name":"Shaded","section":"Shading Mode"},"sceneLighting":false,"audioPlay":false,"sceneViewState":{"showFog":true,"showMaterialUpdate":false,"showSkybox":true,"showFlares":true,"showImageEffects":true,"showParticleSystems":true},"in2DMode":false,"pivot":{"x":-31.288389205932618,"y":51.12480545043945,"z":-27.613080978393556},"rotation":{"x":0.01130741834640503,"y":-0.9527854919433594,"z":0.03575320914387703,"w":0.30132001638412478},"size":4.800727367401123,"orthographic":false}