{"cameraMode":{"drawMode":0,"name":"Shaded","section":"Shading Mode"},"sceneLighting":false,"audioPlay":false,"sceneViewState":{"showFog":true,"showMaterialUpdate":false,"showSkybox":true,"showFlares":true,"showImageEffects":true,"showParticleSystems":true},"in2DMode":false,"pivot":{"x":-5.387018203735352,"y":3.3380188941955568,"z":-3.7338438034057619},"rotation":{"x":0.00709590595215559,"y":-0.9313163161277771,"z":0.018169768154621125,"w":0.36368876695632937},"size":17.49103355407715,"orthographic":false}