{"cameraMode":{"drawMode":0,"name":"Shaded","section":"Shading Mode"},"sceneLighting":true,"audioPlay":false,"sceneViewState":{"showFog":true,"showMaterialUpdate":false,"showSkybox":true,"showFlares":true,"showImageEffects":true,"showParticleSystems":true},"in2DMode":false,"pivot":{"x":2.9293861389160158,"y":5.275343894958496,"z":-2.3885812759399416},"rotation":{"x":-0.15207551419734956,"y":0.5214055180549622,"z":-0.09504668414592743,"w":-0.8342514634132385},"size":27.724103927612306,"orthographic":false}