{"cameraMode":{"drawMode":0,"name":"Shaded","section":"Shading Mode"},"sceneLighting":false,"audioPlay":false,"sceneViewState":{"showFog":true,"showMaterialUpdate":false,"showSkybox":true,"showFlares":true,"showImageEffects":true,"showParticleSystems":true},"in2DMode":false,"pivot":{"x":-0.8002811670303345,"y":-1.2907133102416993,"z":-1.1717925071716309},"rotation":{"x":0.2302902638912201,"y":-0.24078112840652467,"z":0.05892426520586014,"w":0.9410200715065002},"size":3.8411881923675539,"orthographic":false}