{"cameraMode":{"drawMode":0,"name":"Shaded","section":"Shading Mode"},"sceneLighting":false,"audioPlay":false,"sceneViewState":{"showFog":true,"showMaterialUpdate":false,"showSkybox":true,"showFlares":true,"showImageEffects":true,"showParticleSystems":true},"in2DMode":false,"pivot":{"x":0.0004056748002767563,"y":-0.0011464364361017943,"z":0.00022821442689746618},"rotation":{"x":-0.047554224729537967,"y":-0.9494286179542542,"z":0.17719167470932008,"w":-0.25480788946151736},"size":5.43690824508667,"orthographic":false}