{"cameraMode":{"drawMode":0,"name":"Shaded","section":"Shading Mode"},"sceneLighting":false,"audioPlay":false,"sceneViewState":{"showFog":true,"showMaterialUpdate":false,"showSkybox":true,"showFlares":true,"showImageEffects":true,"showParticleSystems":true},"in2DMode":false,"pivot":{"x":-3.0547380447387697e-7,"y":0.6282283067703247,"z":-1.7136335372924806e-7},"rotation":{"x":0.2302902638912201,"y":-0.24078112840652467,"z":0.05892426520586014,"w":0.9410200715065002},"size":7.215908527374268,"orthographic":false}