{"cameraMode":{"drawMode":0,"name":"Shaded","section":"Shading Mode"},"sceneLighting":false,"audioPlay":false,"sceneViewState":{"showFog":true,"showMaterialUpdate":false,"showSkybox":true,"showFlares":true,"showImageEffects":true,"showParticleSystems":true},"in2DMode":false,"pivot":{"x":0.7980873584747315,"y":1.1174792051315308,"z":1.6477185487747193},"rotation":{"x":-0.04103360325098038,"y":0.9583500623703003,"z":-0.21663114428520204,"w":-0.18152768909931184},"size":1.0962977409362794,"orthographic":false}