{"cameraMode":{"drawMode":0,"name":"Shaded","section":"Shading Mode"},"sceneLighting":false,"audioPlay":false,"sceneViewState":{"showFog":true,"showMaterialUpdate":false,"showSkybox":true,"showFlares":true,"showImageEffects":true,"showParticleSystems":true},"in2DMode":false,"pivot":{"x":0.0,"y":0.437385618686676,"z":-5.960464477539063e-7},"rotation":{"x":0.3159782290458679,"y":-0.07390372455120087,"z":0.02469628117978573,"w":0.9455613493919373},"size":4.6707658767700199,"orthographic":false}