{"cameraMode":{"drawMode":0,"name":"Shaded","section":"Shading Mode"},"sceneLighting":true,"audioPlay":false,"sceneViewState":{"showFog":true,"showMaterialUpdate":false,"showSkybox":true,"showFlares":true,"showImageEffects":true,"showParticleSystems":true},"in2DMode":false,"pivot":{"x":-26.807662963867189,"y":41.612892150878909,"z":-18.666336059570314},"rotation":{"x":0.18239463865756989,"y":-0.7457906603813171,"z":0.22703325748443604,"w":0.5991531014442444},"size":28.888280868530275,"orthographic":false}