{"cameraMode":{"drawMode":0,"name":"Shaded","section":"Shading Mode"},"sceneLighting":false,"audioPlay":false,"sceneViewState":{"showFog":true,"showMaterialUpdate":false,"showSkybox":true,"showFlares":true,"showImageEffects":true,"showParticleSystems":true},"in2DMode":false,"pivot":{"x":0.0043469201773405079,"y":0.01582932472229004,"z":0.000014935270883142948},"rotation":{"x":0.14943283796310426,"y":-0.19440874457359315,"z":0.0299795214086771,"w":0.9690079092979431},"size":0.05505681037902832,"orthographic":false}