{"cameraMode":{"drawMode":0,"name":"Shaded","section":"Shading Mode"},"sceneLighting":true,"audioPlay":false,"sceneViewState":{"showFog":true,"showMaterialUpdate":false,"showSkybox":true,"showFlares":true,"showImageEffects":true,"showParticleSystems":true},"in2DMode":false,"pivot":{"x":0.617339551448822,"y":-0.14308017492294312,"z":-0.43460625410079958},"rotation":{"x":-0.2103090137243271,"y":0.5487763285636902,"z":-0.14499348402023316,"w":-0.79598468542099},"size":0.8579427599906921,"orthographic":false}