{"cameraMode":{"drawMode":0,"name":"Shaded","section":"Shading Mode"},"sceneLighting":true,"audioPlay":false,"sceneViewState":{"showFog":true,"showMaterialUpdate":false,"showSkybox":true,"showFlares":true,"showImageEffects":true,"showParticleSystems":true},"in2DMode":false,"pivot":{"x":-24.17795753479004,"y":51.09956359863281,"z":-12.320536613464356},"rotation":{"x":0.26266831159591677,"y":-0.0910138413310051,"z":0.024895107373595239,"w":0.9602615237236023},"size":1.6712274551391602,"orthographic":false}