{"cameraMode":{"drawMode":0,"name":"Shaded","section":"Shading Mode"},"sceneLighting":false,"audioPlay":false,"sceneViewState":{"showFog":true,"showMaterialUpdate":false,"showSkybox":true,"showFlares":true,"showImageEffects":true,"showParticleSystems":true},"in2DMode":false,"pivot":{"x":-40.5961799621582,"y":-1.0500760078430176,"z":-16.581405639648439},"rotation":{"x":0.04905901104211807,"y":-0.9413939714431763,"z":0.15676026046276093,"w":0.29461294412612917},"size":16.41936683654785,"orthographic":false}