{"cameraMode":{"drawMode":0,"name":"Shaded","section":"Shading Mode"},"sceneLighting":true,"audioPlay":false,"sceneViewState":{"showFog":true,"showMaterialUpdate":false,"showSkybox":true,"showFlares":true,"showImageEffects":true,"showParticleSystems":true},"in2DMode":false,"pivot":{"x":2.217092990875244,"y":1.1879303455352784,"z":1.9956389665603638},"rotation":{"x":-0.2103090137243271,"y":0.5487763285636902,"z":-0.14499348402023316,"w":-0.79598468542099},"size":5.841628074645996,"orthographic":false}