{"cameraMode":{"drawMode":0,"name":"Shaded","section":"Shading Mode"},"sceneLighting":false,"audioPlay":false,"sceneViewState":{"showFog":true,"showMaterialUpdate":false,"showSkybox":true,"showFlares":true,"showImageEffects":true,"showParticleSystems":true},"in2DMode":false,"pivot":{"x":-0.3084193468093872,"y":0.016323447227478029,"z":0.5401647090911865},"rotation":{"x":0.09668539464473725,"y":-0.8463048338890076,"z":0.1645251214504242,"w":0.4973445236682892},"size":12.349677085876465,"orthographic":false}