{"cameraMode":{"drawMode":0,"name":"Shaded","section":"Shading Mode"},"sceneLighting":true,"audioPlay":false,"sceneViewState":{"showFog":true,"showMaterialUpdate":false,"showSkybox":true,"showFlares":true,"showImageEffects":true,"showParticleSystems":true},"in2DMode":false,"pivot":{"x":-37.30870819091797,"y":51.01139831542969,"z":-29.190082550048829},"rotation":{"x":0.14759546518325807,"y":-0.24642632901668549,"z":0.038001302629709247,"w":0.9571027159690857},"size":3.9031014442443849,"orthographic":false}