{"cameraMode":{"drawMode":0,"name":"Shaded","section":"Shading Mode"},"sceneLighting":false,"audioPlay":false,"sceneViewState":{"showFog":true,"showMaterialUpdate":false,"showSkybox":true,"showFlares":true,"showImageEffects":true,"showParticleSystems":true},"in2DMode":false,"pivot":{"x":-31.41629409790039,"y":51.473785400390628,"z":-27.79735565185547},"rotation":{"x":0.00709590595215559,"y":-0.9313163161277771,"z":0.018169768154621125,"w":0.36368876695632937},"size":1.800727367401123,"orthographic":false}