{"cameraMode":{"drawMode":0,"name":"Shaded","section":"Shading Mode"},"sceneLighting":false,"audioPlay":false,"sceneViewState":{"showFog":true,"showMaterialUpdate":false,"showSkybox":true,"showFlares":true,"showImageEffects":true,"showParticleSystems":true},"in2DMode":false,"pivot":{"x":-0.12248298525810242,"y":0.09438978135585785,"z":0.3762083053588867},"rotation":{"x":0.00709590595215559,"y":-0.9313163161277771,"z":0.018169768154621125,"w":0.36368876695632937},"size":0.8026005625724793,"orthographic":false}