{"cameraMode":{"drawMode":0,"name":"Shaded","section":"Shading Mode"},"sceneLighting":false,"audioPlay":false,"sceneViewState":{"showFog":true,"showMaterialUpdate":false,"showSkybox":true,"showFlares":true,"showImageEffects":true,"showParticleSystems":true},"in2DMode":false,"pivot":{"x":505.2213134765625,"y":99.55223846435547,"z":0.75},"rotation":{"x":-0.008979512378573418,"y":0.05846663936972618,"z":0.0005258878809399903,"w":0.9982488751411438},"size":280.9953918457031,"orthographic":false}