{"cameraMode":{"drawMode":0,"name":"Shaded","section":"Shading Mode"},"sceneLighting":false,"audioPlay":false,"sceneViewState":{"showFog":true,"showMaterialUpdate":false,"showSkybox":true,"showFlares":true,"showImageEffects":true,"showParticleSystems":true},"in2DMode":false,"pivot":{"x":7.152557373046875e-7,"y":2.6990432739257814,"z":0.0},"rotation":{"x":0.30972155928611758,"y":-0.09392904490232468,"z":0.030762871727347375,"w":0.9456762671470642},"size":16.208023071289064,"orthographic":false}