{"cameraMode":{"drawMode":0,"name":"Shaded","section":"Shading Mode"},"sceneLighting":true,"audioPlay":false,"sceneViewState":{"showFog":true,"showMaterialUpdate":false,"showSkybox":true,"showFlares":true,"showImageEffects":true,"showParticleSystems":true},"in2DMode":false,"pivot":{"x":0.45951175689697268,"y":75.47917175292969,"z":31.577716827392579},"rotation":{"x":0.03593657165765762,"y":-0.9185968041419983,"z":0.3840581476688385,"w":0.085952989757061},"size":57.098716735839847,"orthographic":false}