{"cameraMode":{"drawMode":0,"name":"Shaded","section":"Shading Mode"},"sceneLighting":false,"audioPlay":false,"sceneViewState":{"showFog":true,"showMaterialUpdate":false,"showSkybox":true,"showFlares":true,"showImageEffects":true,"showParticleSystems":true},"in2DMode":false,"pivot":{"x":0.11384950578212738,"y":1.217213749885559,"z":-0.06418603658676148},"rotation":{"x":0.1685592383146286,"y":0.2569386065006256,"z":-0.04556377977132797,"w":0.9505231976509094},"size":4.931288242340088,"orthographic":false}