{"cameraMode":{"drawMode":0,"name":"Shaded","section":"Shading Mode"},"sceneLighting":true,"audioPlay":false,"sceneViewState":{"showFog":true,"showMaterialUpdate":false,"showSkybox":true,"showFlares":true,"showImageEffects":true,"showParticleSystems":true},"in2DMode":false,"pivot":{"x":-40.588706970214847,"y":50.96528625488281,"z":-42.60005187988281},"rotation":{"x":0.2772924304008484,"y":-0.22780954837799073,"z":0.0678582638502121,"w":0.9309173226356506},"size":10.236933708190918,"orthographic":false}