{"cameraMode":{"drawMode":0,"name":"Shaded","section":"Shading Mode"},"sceneLighting":false,"audioPlay":false,"sceneViewState":{"showFog":true,"showMaterialUpdate":false,"showSkybox":true,"showFlares":true,"showImageEffects":true,"showParticleSystems":true},"in2DMode":false,"pivot":{"x":1.638134479522705,"y":1.0765531063079835,"z":-1.0871951580047608},"rotation":{"x":0.11872629076242447,"y":0.6532928347587586,"z":-0.10476365685462952,"w":0.7403628826141357},"size":7.694258689880371,"orthographic":false}