{"cameraMode":{"drawMode":0,"name":"Shaded","section":"Shading Mode"},"sceneLighting":false,"audioPlay":false,"sceneViewState":{"showFog":true,"showMaterialUpdate":false,"showSkybox":true,"showFlares":true,"showImageEffects":true,"showParticleSystems":true},"in2DMode":false,"pivot":{"x":0.349945068359375,"y":0.688544750213623,"z":0.19286322593688966},"rotation":{"x":0.17359574139118195,"y":0.5146092772483826,"z":-0.10727109014987946,"w":0.8327873349189758},"size":6.453032493591309,"orthographic":false}