{"cameraMode":{"drawMode":0,"name":"Shaded","section":"Shading Mode"},"sceneLighting":false,"audioPlay":false,"sceneViewState":{"showFog":false,"showMaterialUpdate":false,"showSkybox":false,"showFlares":false,"showImageEffects":false,"showParticleSystems":false},"in2DMode":false,"pivot":{"x":-4.172325134277344e-7,"y":1.1384563446044922,"z":-0.009969949722290039},"rotation":{"x":-0.2478601038455963,"y":0.04996021091938019,"z":-0.012800485827028752,"w":-0.9674221277236939},"size":10.46954345703125,"orthographic":false}