{"cameraMode":{"drawMode":0,"name":"Shaded","section":"Shading Mode"},"sceneLighting":false,"audioPlay":false,"sceneViewState":{"showFog":false,"showMaterialUpdate":false,"showSkybox":false,"showFlares":false,"showImageEffects":false,"showParticleSystems":false},"in2DMode":false,"pivot":{"x":-13.67607307434082,"y":-5.355388641357422,"z":-11.311588287353516},"rotation":{"x":-0.14953479170799256,"y":0.0524732880294323,"z":-0.00794762559235096,"w":-0.9873311519622803},"size":64.40312194824219,"orthographic":false}