{"cameraMode":{"drawMode":0,"name":"Shaded","section":"Shading Mode"},"sceneLighting":false,"audioPlay":false,"sceneViewState":{"showFog":false,"showMaterialUpdate":false,"showSkybox":false,"showFlares":false,"showImageEffects":false,"showParticleSystems":false},"in2DMode":false,"pivot":{"x":-4.172325134277344e-7,"y":1.1384563446044922,"z":-0.009969949722290039},"rotation":{"x":-0.2957743704319,"y":0.016330623999238015,"z":-0.005057591944932938,"w":-0.9551048874855042},"size":11.312982559204102,"orthographic":false}