{"cameraMode":{"drawMode":0,"name":"Shaded","section":"Shading Mode"},"sceneLighting":false,"audioPlay":false,"sceneViewState":{"showFog":false,"showMaterialUpdate":false,"showSkybox":false,"showFlares":false,"showImageEffects":false,"showParticleSystems":false},"in2DMode":false,"pivot":{"x":0.0,"y":3.0350539684295656,"z":2.384185791015625e-7},"rotation":{"x":-0.2478601038455963,"y":0.04996021091938019,"z":-0.012800485827028752,"w":-0.9674221277236939},"size":11.072245597839356,"orthographic":false}