{"cameraMode":{"drawMode":0,"name":"Shaded","section":"Shading Mode"},"sceneLighting":false,"audioPlay":false,"sceneViewState":{"showFog":false,"showMaterialUpdate":false,"showSkybox":false,"showFlares":false,"showImageEffects":false,"showParticleSystems":false},"in2DMode":false,"pivot":{"x":0.00000476837158203125,"y":2.7878637313842775,"z":5.960464477539063e-7},"rotation":{"x":-0.30817410349845889,"y":0.05475350096821785,"z":-0.017769809812307359,"w":-0.949586808681488},"size":11.545101165771485,"orthographic":false}