{"cameraMode":{"drawMode":0,"name":"Shaded","section":"Shading Mode"},"sceneLighting":false,"audioPlay":false,"sceneViewState":{"showFog":false,"showMaterialUpdate":false,"showSkybox":false,"showFlares":false,"showImageEffects":false,"showParticleSystems":false},"in2DMode":false,"pivot":{"x":8.975056648254395,"y":20.793676376342775,"z":-9.161794662475586},"rotation":{"x":-0.24340131878852845,"y":0.05728016793727875,"z":-0.01440131664276123,"w":-0.9681257605552673},"size":45.285274505615237,"orthographic":false}