{"cameraMode":{"drawMode":0,"name":"Shaded","section":"Shading Mode"},"sceneLighting":false,"audioPlay":false,"sceneViewState":{"showFog":false,"showMaterialUpdate":false,"showSkybox":false,"showFlares":false,"showImageEffects":false,"showParticleSystems":false},"in2DMode":false,"pivot":{"x":-4.066051959991455,"y":10.623180389404297,"z":-23.126033782958986},"rotation":{"x":-0.30817410349845889,"y":0.05475350096821785,"z":-0.017769809812307359,"w":-0.949586808681488},"size":37.0654182434082,"orthographic":false}