{"cameraMode":{"drawMode":0,"name":"Shaded","section":"Shading Mode"},"sceneLighting":false,"audioPlay":false,"sceneViewState":{"showFog":false,"showMaterialUpdate":false,"showSkybox":false,"showFlares":false,"showImageEffects":false,"showParticleSystems":false},"in2DMode":false,"pivot":{"x":7.819687366485596,"y":15.999382972717286,"z":-12.48237419128418},"rotation":{"x":-0.2540898621082306,"y":0.35022661089897158,"z":-0.09931228309869766,"w":-0.8960562944412231},"size":13.623175621032715,"orthographic":false}