{"cameraMode":{"drawMode":0,"name":"Shaded","section":"Shading Mode"},"sceneLighting":false,"audioPlay":false,"sceneViewState":{"showFog":false,"showMaterialUpdate":false,"showSkybox":false,"showFlares":false,"showImageEffects":false,"showParticleSystems":false},"in2DMode":false,"pivot":{"x":0.5051078200340271,"y":3.02352237701416,"z":2.266618251800537},"rotation":{"x":-0.30817410349845889,"y":0.05475350096821785,"z":-0.017769809812307359,"w":-0.949586808681488},"size":8.039554595947266,"orthographic":false}